<component name="ProjectRunConfigurationManager">
  <configuration default="false" name="Backend/Dockerfile LINUX" type="docker-deploy" factoryName="dockerfile" server-name="Docker">
    <deployment type="dockerfile">
      <settings>
        <option name="imageTag" value="" />
        <option name="containerName" value="spring-backend" />
        <option name="envVars">
          <list>
            <DockerEnvVarImpl>
              <option name="name" value="JAVA_TOOL_OPTIONS" />
              <option name="value" value="-Dspring.profiles.active=dev,docker -agentlib:jdwp=transport=dt_socket,server=y,suspend=n,address=*:5005" />
            </DockerEnvVarImpl>
          </list>
        </option>
        <option name="portBindings">
          <list>
            <DockerPortBindingImpl>
              <option name="containerPort" value="8080" />
              <option name="hostPort" value="8080" />
            </DockerPortBindingImpl>
            <DockerPortBindingImpl>
              <option name="containerPort" value="5005" />
              <option name="hostPort" value="5005" />
            </DockerPortBindingImpl>
            <DockerPortBindingImpl>
              <option name="containerPort" value="22" />
              <option name="hostPort" value="22" />
            </DockerPortBindingImpl>
          </list>
        </option>
        <option name="sourceFilePath" value="Backend/Dockerfile" />
      </settings>
    </deployment>
    <method v="2">
      <option name="Maven.BeforeRunTask" enabled="true" file="$PROJECT_DIR$/Backend/pom.xml" goal="clean install" />
    </method>
  </configuration>
</component>