<component name="ProjectRunConfigurationManager">
  <configuration default="false" name="Super Lab Assessment Assistant" type="SpringBootApplicationConfigurationType" factoryName="Spring Boot">
    <module name="super.lab" />
    <option name="SPRING_BOOT_MAIN_CLASS" value="edu.curtin.i3.superlab.Application" />
    <option name="DEBUG_MODE" value="true" />
    <option name="ACTIVE_PROFILES" value="dev" />
    <option name="ALTERNATIVE_JRE_PATH" />
    <option name="SHORTEN_COMMAND_LINE" value="NONE" />
    <method v="2">
      <option name="Make" enabled="true" />
    </method>
  </configuration>
</component>