
<configuration>
    <!-- APPENDER SETUP -->
    <appender name="CONSOLE" class="ch.qos.logback.core.ConsoleAppender">
        <encoder>
            <pattern>
                %d{dd-MM-yyyy HH:mm:ss.SSS} %highlight(%-5level) %magenta([%thread]) %yellow(%logger{40}.%M\(%class{0}.java:%line\)) - %msg%throwable%n
            </pattern>
        </encoder>
    </appender>
    <property name="HOME_LOG" value="logs/app.log"/>
    <appender name="FILE-ROLLING" class="ch.qos.logback.core.rolling.RollingFileAppender">
        <file>${HOME_LOG}</file>
        <rollingPolicy class="ch.qos.logback.core.rolling.SizeAndTimeBasedRollingPolicy">
            <fileNamePattern>logs/archived/app.%d{yyyy-MM-dd}.%i.log.gz</fileNamePattern>
            <!-- each archived file, size max 10MB -->
            <maxFileSize>100MB</maxFileSize>
        </rollingPolicy>
        <encoder>
            <pattern>%d %p %c{1.} [%t] %m%n</pattern>
        </encoder>
    </appender>

    <!-- CONSOLE LOGGING -->
    <root level="debug">
        <appender-ref ref="CONSOLE"/>"
    </root>
    <logger name="edu.curtin.i3.superlab" level="trace" additivity="false">
        <appender-ref ref="CONSOLE"/>
    </logger>

    <!-- FILE LOGGING -->
    <logger name="edu.curtin.i3.superlab" level="debug" additivity="false">
        <appender-ref ref="FILE-ROLLING"/>
    </logger>

    <root level="info">
        <appender-ref ref="FILE-ROLLING"/>"
    </root>

</configuration>